0.92 COOLCOLOUR 09.06.2026,,,
THIKNESS,DESIGN NO,FINISH,SHEETS
0.9,15018,CE,
0.9,15030,CE,
0.9,15031,CE,
0.9,15080,CE,
0.9,15088,CE,
0.9,15090,CE,
0.9,15107,DL,
0.9,15108,DL,
0.9,15109,DL,
0.9,15118,DL,
0.9,15125,DL,
0.9,15128,DL,
0.9,15132,DL,
0.9,15133,DL,
0.9,15136,DL,
0.9,15138,DL,
0.9,15163,DL,
0.9,15168,DL,
0.9,15178,DL,
0.9,15179,DL,
0.9,15003,FT,
0.9,15024,FT,
0.9,15027,FT,
0.9,15030,FT,
0.9,15032,FT,
0.9,15034,FT,
0.9,15052,FT,
0.9,15060,FT,
0.9,15080,FT,
0.9,15082,FT,
0.9,15084,FT,
0.9,15087,FT,
0.9,15090,FT,
0.9,15024,LG,
0.9,15031,LG,
0.9,15090,LG,
0.9,15120,LG,
0.9,15024,LR,
0.9,15032,LR,
0.9,15033,LR,
0.9,15034,LR,
0.9,15080,LR,
0.9,15081,LR,
0.9,15085,LR,
0.9,15088,LR,
0.9,15090,LR,
0.9,15091,LR,
0.9,15119,MR,
0.9,15120,MR,
0.9,15143,MR,
0.9,15144,MR,
0.9,15145,MR,
0.9,15146,MR,
0.9,15149,MR,
0.9,15003,SE,
0.9,15020,SE,
0.9,15027,SE,
0.9,15030,SE,
0.9,15031,SE,
0.9,15032,SE,
0.9,15081,SE,
0.9,15085,SE,
0.9,15088,SE,
0.9,15094,SE,
0.9,15003,SN,
0.9,15013,SN,
0.9,15014,SN,
0.9,15018,SN,
0.9,15019,SN,
0.9,15020,SN,
0.9,15022,SN,
0.9,15023,SN,
0.9,15024,SN,
0.9,15025,SN,
0.9,15026,SN,
0.9,15027,SN,
0.9,15028,SN,
0.9,15029,SN,
0.9,15030,SN,
0.9,15031,SN,
0.9,15032,SN,
0.9,15033,SN,
0.9,15034,SN,
0.9,15035,SN,
0.9,15036,SN,
0.9,15052,SN,
0.9,15060,SN,
0.9,15072,SN,
0.9,15080,SN,
0.9,15081,SN,
0.9,15082,SN,
0.9,15083,SN,
0.9,15084,SN,
0.9,15085,SN,
0.9,15087,SN,
0.9,15088,SN,
0.9,15090,SN,
0.9,15091,SN,
0.9,15092,SN,
0.9,15094,SN,
0.9,15003,UG,
0.9,15013,UG,
0.9,15014,UG,
0.9,15015,UG,
0.9,15018,UG,
0.9,15020,UG,
0.9,15022,UG,
0.9,15024,UG,
0.9,15025,UG,
0.9,15026,UG,
0.9,15027,UG,
0.9,15028,UG,
0.9,15030,UG,
0.9,15031,UG,
0.9,15032,UG,
0.9,15033,UG,
0.9,15034,UG,
0.9,15035,UG,
0.9,15080,UG,
0.9,15081,UG,
0.9,15083,UG,
0.9,15087,UG,
0.9,15088,UG,
0.9,15090,UG,
0.9,15091,UG,
0.9,15092,UG,
0.9,15094,UG,
TOTAL,,,
