0.8 SANISH NEW 30-05-26,,,
THICKNESS,DESIGN NO,FINISH,SHEETS
0.8,6012,AB,
0.8,6015,AB,
0.8,6021,AB,
0.8,6099,AB,
0.8,6004,AC,
0.8,6031,AC,
0.8,6033,AC,
0.8,6039,AC,
0.8,6066,AC,
0.8,6089,AC,
0.8,6090,AC,
0.8,6568,AC,
0.8,6659,AC,
0.8,6688,AC,
0.8,6950,AC,
0.8,6536,AP,
0.8,6583,AP,
0.8,6004,BN,
0.8,6006,BN,
0.8,6009,BN,
0.8,6040,BN,
0.8,6946,CD,
0.8,6947,CD,
0.8,6306,CR,
0.8,6354,CR,
0.8,6362,CR,
0.8,6363,CR,
0.8,6486,CS,
0.8,6582,CS,
0.8,6583,CS,
0.8,6594,CS,
0.8,6595,CS,
0.8,6598,CS,
0.8,6689,CS,
0.8,6754,CS,
0.8,6790,CS,
0.8,6577,DR,
0.8,6698,DR,
0.8,6726,DR,
0.8,6727,DR,
0.8,6754,DR,
0.8,6963,DR,
0.8,6012,EN,
0.8,6526,EN,
0.8,6583,EN,
0.8,6598,EN,
0.8,6107,FG,
0.8,6108,FG,
0.8,6110,FG,
0.8,6163,FG,
0.8,6168,FG,
0.8,6171,FG,
0.8,6176,FG,
0.8,6177,FG,
0.8,6303,FG,
0.8,6370,FG,
0.8,6395,FG,
0.8,6396,FG,
0.8,6688,FG,
0.8,6008,FK,
0.8,6030,FK,
0.8,6031,FK,
0.8,6086,FK,
0.8,6559,FK,
0.8,6560,FK,
0.8,6561,FK,
0.8,6583,FK,
0.8,6596,FK,
0.8,6597,FK,
0.8,6598,FK,
0.8,6909,FK,
0.8,6312,GR,
0.8,6314,GR,
0.8,6355,GR,
0.8,6357,GR,
0.8,6359,GR,
0.8,6360,GR,
0.8,6012,HB,
0.8,6030,HB,
0.8,6031,HB,
0.8,6090,HB,
0.8,6511,HB,
0.8,6513,HB,
0.8,6596,HB,
0.8,6597,HB,
0.8,6708,HB,
0.8,6696,HZ,
0.8,6762,HZ,
0.8,6778,HZ,
0.8,6599 H,HZ,
0.8,6694 H,HZ,
0.8,6697 H,HZ,
0.8,6698 H,HZ,
0.8,6705 H,HZ,
0.8,6754 H,HZ,
0.8,6486,JF,
0.8,6526,JF,
0.8,6909,JF,
0.8,6676,LX,
0.8,6678,LX,
0.8,6681,LX,
0.8,6006,MC,
0.8,6009,MC,
0.8,6031,MC,
0.8,6039,MC,
0.8,6043,MC,
0.8,6064,MC,
0.8,6066,MC,
0.8,6090,MC,
0.8,6303,MC,
0.8,6354,MC,
0.8,6370,MC,
0.8,6491,MC,
0.8,6950,MC,
0.8,6952,MC,
0.8,6012,MM,
0.8,6778,MM,
0.8,6930,MM,
0.8,6708,MW,
0.8,6726,MW,
0.8,6382,ND,
0.8,6396,ND,
0.8,6784,NK,
0.8,6792,NK,
0.8,6012,PL,
0.8,6189,PL,
0.8,6583,PL,
0.8,6683,PR,
0.8,6790,PR,
0.8,6107,PS,
0.8,6108,PS,
0.8,6110,PS,
0.8,6163,PS,
0.8,6168,PS,
0.8,6171,PS,
0.8,6176,PS,
0.8,6177,PS,
0.8,6178,PS,
0.8,6179,PS,
0.8,6580,PW,
0.8,6582,PW,
0.8,6683,PW,
0.8,6692,PW,
0.8,6001,SF,
0.8,6012,SF,
0.8,6014,SF,
0.8,6030,SF,
0.8,6031,SF,
0.8,6050,SF,
0.8,6053,SF,
0.8,6055,SF,
0.8,6057,SF,
0.8,6059,SF,
0.8,6065,SF,
0.8,6068,SF,
0.8,6070,SF,
0.8,6075,SF,
0.8,6086,SF,
0.8,6091,SF,
0.8,6099,SF,
0.8,6540,SF,
0.8,6555,SF,
0.8,6560,SF,
0.8,6561,SF,
0.8,6580,SF,
0.8,6581,SF,
0.8,6582,SF,
0.8,6583,SF,
0.8,6594,SF,
0.8,6595,SF,
0.8,6596,SF,
0.8,6597,SF,
0.8,6598,SF,
0.8,6599,SF,
0.8,6655,SF,
0.8,6658,SF,
0.8,6682,SF,
0.8,6691,SF,
0.8,6692,SF,
0.8,6707,SF,
0.8,6726,SF,
0.8,6727,SF,
0.8,6732,SF,
0.8,6748,SF,
0.8,6754,SF,
0.8,6772,SF,
0.8,6778,SF,
0.8,6784,SF,
0.8,6790,SF,
0.8,6792,SF,
0.8,6793,SF,
0.8,6794,SF,
0.8,6950,SF,
0.8,6952,SF,
0.8,6963,SF,
0.8,6004,SM,
0.8,6006,SM,
0.8,6008,SM,
0.8,6012,SM,
0.8,6014,SM,
0.8,6015,SM,
0.8,6020,SM,
0.8,6030,SM,
0.8,6031,SM,
0.8,6040,SM,
0.8,6041,SM,
0.8,6043,SM,
0.8,6062,SM,
0.8,6063,SM,
0.8,6064,SM,
0.8,6066,SM,
0.8,6074,SM,
0.8,6077,SM,
0.8,6370,SM,
0.8,6396,SM,
0.8,6513,SM,
0.8,6568,SM,
0.8,6583,SM,
0.8,6629,SM,
0.8,6681,SM,
0.8,6732,SM,
0.8,6939,SM,
0.8,6950,SM,
0.8,6952,SM,
0.8,6953,SM,
0.8,6963,SM,
0.8,6318,SSN,
0.8,6001,UG,
0.8,6004,UG,
0.8,6006,UG,
0.8,6008,UG,
0.8,6009,UG,
0.8,6012,UG,
0.8,6014,UG,
0.8,6020,UG,
0.8,6030,UG,
0.8,6031,UG,
0.8,6032,UG,
0.8,6040,UG,
0.8,6043,UG,
0.8,6050,UG,
0.8,6053,UG,
0.8,6055,UG,
0.8,6057,UG,
0.8,6059,UG,
0.8,6061,UG,
0.8,6062,UG,
0.8,6063,UG,
0.8,6064,UG,
0.8,6065,UG,
0.8,6066,UG,
0.8,6068,UG,
0.8,6069,UG,
0.8,6070,UG,
0.8,6074,UG,
0.8,6075,UG,
0.8,6077,UG,
0.8,6086,UG,
0.8,6091,UG,
0.8,6099,UG,
0.8,6100,UG,
0.8,6303,UG,
0.8,6306,UG,
0.8,6307,UG,
0.8,6312,UG,
0.8,6314,UG,
0.8,6318,UG,
0.8,6354,UG,
0.8,6355,UG,
0.8,6357,UG,
0.8,6359,UG,
0.8,6361,UG,
0.8,6362,UG,
0.8,6363,UG,
0.8,6391,UG,
0.8,6392,UG,
0.8,6395,UG,
0.8,6486,UG,
0.8,6491,UG,
0.8,6535,UG,
0.8,6536,UG,
0.8,6540,UG,
0.8,6560,UG,
0.8,6576,UG,
0.8,6577,UG,
0.8,6582,UG,
0.8,6583,UG,
0.8,6594,UG,
0.8,6595,UG,
0.8,6598,UG,
0.8,6599,UG,
0.8,6676,UG,
0.8,6678,UG,
0.8,6679,UG,
0.8,6681,UG,
0.8,6682,UG,
0.8,6683,UG,
0.8,6692,UG,
0.8,6697,UG,
0.8,6707,UG,
0.8,6748,UG,
0.8,6754,UG,
0.8,6790,UG,
0.8,6935,UG,
0.8,6950,UG,
0.8,6952,UG,
0.8,6963,UG,
0.8,6694 H,UG,
0.8,6306,VF,
0.8,6314,VF,
0.8,6354,VF,
0.8,6360,VF,
0.8,6361,VF,
0.8,6598,VF,
0.8,6906,VF,
0.8,6020,VS,
0.8,6040,VS,
0.8,6064,VS,
0.8,6066,VS,
0.8,6008,ZK,
0.8,6020,ZK,
0.8,6343,ZK,
0.8,6355,ZK,
0.8,6390,ZK,
0.8,6395,ZK,
